RUL_LOWER_THRESHOLD,CATCH_RATE,PREDICTIVE_LIFE_LEFT_UNUSED,PREDICTIVE_SHARE_OF_LIFE_USED,PREDICTIVE_SHOP_VISITS_PER_100K,FIXED_INTERVAL_LIFE_LEFT_UNUSED,FIXED_INTERVAL_SHARE_OF_LIFE_USED,FIXED_INTERVAL_SHOP_VISITS_PER_100K
0,0.0226,43.0,0.9968,444.0,45.6,0.9973,444.4
5,0.3921,14.7,0.9741,453.7,68.3,0.9154,501.7
10,0.9238,17.3,0.9249,475.8,86.4,0.6923,683.7
15,0.9986,24.3,0.8866,495.3,105.6,0.5744,825.6
20,1.0,32.9,0.8463,517.3,105.8,0.5708,830.6
25,1.0,41.0,0.8087,540.1,105.8,0.5708,830.6
30,1.0,49.1,0.7719,564.9,105.8,0.5708,830.6
35,1.0,57.1,0.7359,591.3,105.8,0.5708,830.6
40,1.0,65.6,0.6978,622.7,105.8,0.5708,830.6
45,1.0,74.1,0.6596,657.6,105.8,0.5708,830.6
50,1.0,82.6,0.6223,696.7,105.8,0.5708,830.6
55,1.0,90.4,0.5889,736.3,105.8,0.5708,830.6
60,1.0,97.9,0.5564,779.4,105.8,0.5708,830.6
